title,selftext,score,url,num_comments,created,author
Joe Biden ist der Gewinner der US-Wahl 2020 - Megathread,"Mit den Ergebnissen aus Pennsylvania wird Joe Biden nun von den etablierten Medien in den USA mit einer Mehrheit der verfügbaren Wahlmänner zum Gewinner der Wahl in den Vereinigten Staaten erklärt. Das erfolgte nachdem mehrere Wahlbeobachter die entsprechenden Staaten als ""Called"", also als für Biden gewertet, erklärt haben.

Basierend auf den gegenwärtigen Ergebnissen hat Joe Biden eine ausreichende Mehrheit, um sich vom Electoral College zum Präsidenten wählen zu lassen. Gleichzeitig wollen wir darauf hinweisen, dass es noch einige Unsicherheiten über die gegenwärtigen Zahlen gibt. In einigen Staaten wird es zu Neu-Auszählungen der Stimmen kommen, in anderen Staaten sind Klagen gegen die Stimmen anhängig. Für den Moment ist aber Joseph Biden der ""President Elect"".

Danke für eure rege Teilnahme an unserem US-Wahlthread und für das überwältigende Feedback, das wir dazu erhalten haben. Der Faden ist inzwischen der mit den meisten Antworten und der größten Aktivität in der Geschichte von r/de. Es war spannend für uns alle und wir haben die gemeinsamen Diskussionen, Spekulationen und die Rumrechnerei sehr genossen. Gleichzeitig war bemerkenswert, wie zivilisiert der Faden abgelaufen ist - es gab kaum Grund zur Moderation.

Diskutiert hier die Ergebnisse und die gegenwärtigen Entwicklungen.

Beste Grüße,

Das r/de Modteam",3406,https://www.reddit.com/r/de/comments/jptqcq/joe_biden_ist_der_gewinner_der_uswahl_2020/,1922,1604766502.0,MegathreadDE
"Datenanalyst Lenny Bronner über die US-Wahl: ""Es wird extrem knapp""",,18,https://www.derstandard.at/story/3000000241353/datenanalyst-lenny-bronner-ueber-die-us-wahl-es-wird-extrem-knapp,20,1729512570.0,Pumuckl4Life
"USA Wahl 2024: Joe Biden plant offenbar Supreme-Court-Reform – Donald Trump zürnt. Eine Begrenzung der Amtszeit für Richter, dazu ein einklagbarer Ethikkodex: Das sind zwei der Änderungen, die US-Präsident Biden offenbar für das oberste Gericht des Landes anstrebt. Trump tobt.",,1316,https://www.spiegel.de/ausland/usa-wahl-2024-joe-biden-plant-offenbar-supreme-court-reform-donald-trump-zuernt-a-aca8aae3-0b3c-41b7-9f11-d9f8326c3d41,137,1721186569.0,bedbooster
US-Wahl 2024: Taylor Swift unterstützt Kamala Harris,,616,https://www.zdf.de/nachrichten/politik/ausland/taylor-swift-kamala-harris-usa-wahl-100.html,183,1726025594.0,innidatino
"Joe Biden warnt vor Chaos bei möglicher Niederlage von Donald Trump. Was passiert, falls Donald Trump die US-Wahl im November verliert? Dem amtierenden Präsidenten Joe Biden schwant Böses: Die »Blutbad«-Äußerungen des Republikaners solle man dringend ernst nehmen.",,742,https://www.spiegel.de/ausland/joe-biden-warnt-vor-chaos-bei-moeglicher-niederlage-von-donald-trump-a-8594b7da-a780-4174-91b6-cce0634d46e6,142,1723086173.0,bedbooster
"Trump-Video: Ein „vereinigtes Reich“ nach seinem Wahlsieg? Donald Trumps Truth-Social-Account hat ein Video gepostet, das Bezug auf ein „vereinigtes Reich“ nimmt. Es skizziert die Zukunft nach der US-Wahl.",,658,https://www.fr.de/politik/donald-trump-video-vereinigtes-reich-nach-wahlsieg-republikaner-us-wahl-zr-93082105.html,149,1716344031.0,bedbooster
Trubel bei „Washington Post“ vor US-Wahl 2024: „Sie haben also Angst vor Trumps Rache?“,,477,https://www.faz.net/aktuell/feuilleton/medien/trubel-bei-washington-post-vor-us-wahl-2024-sie-haben-also-angst-vor-trumps-rache-110082071.html,66,1730572158.0,Marsman6
Walmart räumt vor US-Wahl Waffen und Munition aus den Regalen,,1044,https://www.spiegel.de/wirtschaft/unternehmen/walmart-raeumt-vor-us-wahl-waffen-und-munition-aus-den-regalen-a-b3c1e436-76b8-4062-bf7b-1303ed262c78,391,1604036141.0,DonChilliCheese
US-Wahl: Wann schließen die Wahllokale nach unserer Zeit?,,923,https://i.redd.it/dkznkneegsw51.jpg,367,1604306237.0,tifa365
"»New York Times« ruft zur Wahl von Kamala Harris auf. Das Editorial Board der US-Zeitung »New York Times« unterstützt offiziell Kamala Harris’ Präsidentschaftskandidatur – und betont, dass Trump eine Gefahr für die US-Demokratie bedeute. ",,275,https://www.spiegel.de/ausland/new-york-times-ruft-zur-wahl-von-kamala-harris-auf-a-a24c2646-b4dd-4aa8-92d2-6f5491fbda3e,71,1727748968.0,bedbooster
RT vor US-Wahl ausgesperrt: Meta verbannt russische Propaganda von Plattformen,,623,https://www.n-tv.de/politik/US-wahl-2024/Meta-verbannt-russische-Propaganda-von-Plattformen-article25232008.html,35,1726549421.0,DubioserKerl
US-Wahl 2024: Donald Trump irritiert mit »Blutbad«-Bemerkung bei Wahlkampfveranstaltung,,194,https://www.spiegel.de/ausland/us-wahl-2024-donald-trump-irritiert-mit-blutbad-bemerkung-bei-wahlkampfveranstaltung-a-023a3190-c22f-41c4-a4ae-ef6e2f33284c?sara_ref=re-so-app-sh,88,1710670714.0,hampelmann2022
Kongress bestätigt Joe Bidens Wahl zum US-Präsidenten,,921,https://www.spiegel.de/politik/ausland/us-kongress-bestaetigt-joe-biden-als-us-praesident-a-b04f3cf7-b32d-4fe4-85ed-7fd686e9f549,132,1610010123.0,Paxan
US-Wahl und r/de ab September,"Moin zusammen!

Mit dem heutigen Tag sind es noch 85 zur US-Wahl und noch hält sich die Zahl der Artikel und Diskussionen bei uns in einem eher überschaubaren Rahmen. Damit das auch so bleibt und wir nicht, wie vermutlich der Rest von Reddit, völlig von dem Thema dominiert werden, haben wir uns einige einfache Handhabungen überlegt. Diese **starten ab dem 01. September.** Wir verkünden sie jetzt schon, damit sich alle daran gewöhnen können, mit dem Feedback-Faden am 01.09. gibt es dann noch einmal eine kleine Erinnerung.

* Mit sofortiger Wirkung steht ein Flair ""US-Wahl"" zur Verfügung. Dieser ist bitte in Verbindung mit entsprechenden Artikeln zu nutzen. Das schafft Übersicht und gibt Leuten, die keine Lust auf das Thema haben, die Möglichkeit, es entsprechend zu filtern.
* Wir haben uns dafür entschieden, dass für die gesamte Dauer vom 01.09. bis zur Wahl nur deutschsprachige Artikel als Einreichung zugelassen sind. Zwar ist davon auszugehen, dass auch die deutschen Medien jede noch so kleine Sache aufbauschen werden, wir brauchen aber nicht die Sensationslust aus Deutschland UND dem englischsprachigen Raum.
* Social Media Posts zu dem Thema sind generell untersagt. Das gilt auch ganz nachdrücklich für Tweets von Trump selbst. Das hat zum einen den Grund, dass die Tweets ohnehin sehr schnell von deutschen Medien aufgegriffen werden aber auch mit der Art zu Twittern. Da die meisten seiner Tweets Rants sind, die sich gerne über 5,6,7 oder mehr Tweets ziehen, würde bei einer Diskussion im Sub immer ein Stück weit Kontext fehlen. Darüber hinaus sehen wir auch hier die Möglichkeit einer generellen Entschleunigung der Hysterie durch ein Social Media Verbot. Medienartikel, die sich mit den Tweets beschäftigen, sind aber trotzdem erlaubt.

Zusätzlich werden wir zu besonderen Anlässen und bei Bedarf Megathreads anbieten. So sind zu etwaigen Debatten wie auch zur Wahl selbst kuratierte Megathreads geplant, die wir auch aktiv pflegen werden. Sollte das Geschehen im Wahlkampf einen Megathread nötig machen, werden wir auch da entsprechend agieren.

Viele Grüße

Das r/de Modteam",693,https://www.reddit.com/r/de/comments/i77tv9/uswahl_und_rde_ab_september/,189,1597076108.0,Paxan
US-Wahl 2024: Wo Trump als das kleinere Übel gilt,,0,https://www.tagesschau.de/ausland/uswahl/boerse-trump-wahlsieg-100.html,56,1730612789.0,Taddy84
US-WAHL - Diskussionsthread,"Hallo Hobbypolitologen und Schlammschlachtfreunde! 

Dienstag Nacht ist es (endlich) soweit. Einer der interessantesten/schmutzigsten/abartigsten Wahlkämpfe geht nach fast 18 Monaten zu Ende und die USA wählen ihren neuen Präsidenten. Hier noch ein paar Infos: 

______________________________________________________________________


*Von den heimischen Medien berichten:*

**ARD:** Ab 22:45 Uhr.

**ZDF:** Ab 0:15 Uhr. 

**phoenix:**  Ab 0 Uhr. 

**ORF 2:** Ab 22 Uhr. (Auch als Stream außerhalb von Österreich) 

**PULS 4:** Ab 2:40 Uhr 

**SRF 1:** Ab 0:55 Uhr. 

__________________________________________________________________________________________

/u/mariannen hat [hier](https://www.reddit.com/r/de/comments/5bjpkw/gibt_es_irgendwelche_webseitenonlinediensteetc_um/d9p4pt3/)  eine ausführliche Liste von Online Streams verschiedener US-Medien zusammengestellt. Vielen Dank nochmal dafür!

Alle großen Networks werden einen kostenlosen Livestream zur US-Wahl anbieten. Hinzu kommen noch weitere Livestreams von großen Zeitungen, Internetsendern und Exklusivpartnern. Die Streams beginnen irgendwann zwischen 22:00 Uhr MEZ und 01:00 Uhr MEZ.

**Youtube**

* [CBS News](https://www.youtube.com/user/CBSNewsOnline)
* [C-Span](https://www.youtube.com/user/CSPAN)
* [FOX News](https://www.youtube.com/user/FoxNewsChannel)
* [NBC News](http://youtube.com/nbcnews)
* [PBS](http://youtube.com/pbsnewshour)
* [Bloomberg](http://youtube.com/bloombergpolitics)
* [Telemundo](https://www.youtube.com/channel/UCRwA1NUcUnwsly35ikGhp0A)
* [The Young Turks](http://youtube.com/theyoungturks)
* [Complex News](https://www.youtube.com/user/Complexmagazine)
* [Washington Post](https://www.youtube.com/user/WashingtonPost)
* [The New York Times](https://www.youtube.com/user/TheNewYorkTimes)

* [Sky News](https://www.youtube.com/watch?v=y60wDzZt8yg) Kein US-Sender, aber wird wohl die ganze Nacht übertragen

**Twitter**

* [election.twitter.com](http://election.twitter.com) In Zusammenarbeit mit BuzzFeed

**Facebook**

Anmerkung dazu: Einige bieten hier – neben der ""normalen"" Electionday-Übertragung – weitere Features an. Inwiefern diese sinnvoll genutzt werden, bleibt abzuwarten.

* [ABC News](https://www.facebook.com/ABCNews/)
* [CNN](https://www.facebook.com/cnn)
* [New York Times](https://www.facebook.com/nytimes)
* [Daily Caller](https://www.facebook.com/DailyCaller/)
* [Now This](https://www.facebook.com/NowThisNews)
* [PBS](https://www.facebook.com/newshour/)
* [Univision](https://www.facebook.com/univision/)
* [Vox](https://www.facebook.com/Vox)
* [Al-Jazeera +](https://www.facebook.com/ajplusenglish/)
* [Washington Post](https://www.facebook.com/washingtonpost/)

**Sonstiges**

* [CBS News](http://www.cbsnews.com/live/) Livestream auf ihrer offiziellen Internetseite

___________________________________________________

**Ungefähre Timeline von [hier](http://www.huffingtonpost.co.uk/entry/when-is-the-us-election-2016-and-when-will-we-know-the-result_uk_58208ca6e4b020461a1d1a47?ir=UK+Politics&utm_hp_ref=uk-politics):**

Eine vorläufige Entscheidung wird zwischen 5 und 7 Uhr morgens erwartet. 

Die ersten Ergebnisse aus 6 Bundesstaaten kommen um 1 Uhr. 

Zwischen 2 und 3 Uhr gibt's Ergebnisse aus 30 weiteren Staaten. 

Um 4 Uhr kommen 3 Bundesstaaten. 

Um 5 Uhr kommen Kalifornien u.a. mit insgesamt 55 Wahlmännern. 

Um 7 Uhr die letzten Ergebnisse. 
____________________________________________________",151,https://www.reddit.com/r/de/comments/5bor3w/uswahl_diskussionsthread/,2607,1478551934.0,Turtle456
Mannheimer Analyse zur US-Wahl: Trump oder Harris - wer ist besser für die deutsche Wirtschaft?,,0,https://www.swr.de/swraktuell/baden-wuerttemberg/us-wahl-auswirkungen-auf-bw-trump-oder-harris-100.html,41,1729413507.0,SimonPelikan
»Kaum vorstellbare« Herausforderungen - Pistorius warnt vor »Worst Case« für Europa nach US-Wahl,,261,https://www.spiegel.de/politik/deutschland/boris-pistorius-us-wahl-koennte-eu-vor-kaum-vorstellbare-herausforderung-stellen-a-93d60805-44ea-490a-9a8e-70760ac6da7e,100,1680343294.0,Gandhi70
US-Wahl: Donald Trump macht Wahlkampf bei McDonald's,,0,https://www.spiegel.de/ausland/us-wahl-donald-trump-macht-wahlkampf-bei-mcdonalds-a-da1b043c-89b7-4de9-b6f9-990ddd940992,35,1729462802.0,weegeemontage
Nach der US-Wahl: Ein starkes Europa ist nun wichtiger als jemals - Lasst uns Stärke zeigen und dem Trumpkreiswichs entgegenstehen,,853,https://i.redd.it/1g2jpx13zjwx.jpg,138,1478679311.0,belmawr
"Billie Eilish zur US-Wahl: »Wählt, als ob euer Leben davon anhinge«. Neues celebrity endorsement im US-Wahlkampf: Billie Eilish und ihr Bruder Finneas O’Connel werben für Harris und Walz. Den Tag für die Bekanntgabe ihrer Unterstützung haben sie bewusst gewählt. ",,163,https://www.spiegel.de/ausland/billie-eilish-zur-us-wahl-waehlt-als-ob-euer-leben-davon-anhinge-a-6201c4fc-ccfc-44b9-84df-ae3ff7001ce6,17,1726596374.0,bedbooster
US-Wahl: Den kommenden Wahlbetrug-Mythos jetzt schon durchschauen,,110,https://www.volksverpetzer.de/aktuelles/wahlbetrug-mythos-durchschauen/,16,1730585947.0,PhoenixTin
US-Wahl: Stephen King fordert Joe Biden zum Rückzug auf,,0,https://www.spiegel.de/kultur/literatur/us-wahl-stephen-king-fordert-joe-biden-zum-rueckzug-auf-a-d1fda3f1-cd78-4747-b79c-338900277b68,54,1720641968.0,rhabarberabar
US-Wahl 2024: Diese Sender übertragen das TV-Duell zwischen Donald Trump und Kamala Harris,,0,https://www.wiwo.de/politik/ausland/us-wahl-2024-diese-sender-uebertragen-das-tv-duell-zwischen-donald-trump-und-kamala-harris-/29984994.html,39,1726009053.0,rhabarberabar
"Europa glaubt nicht, dass es sich auf die USA verlassen kann; ganz gleich, ob Trump oder Biden die US-Wahl gewinnt. [Englischer Artikel]",,468,https://www.washingtonpost.com/world/europe/europe-trump-biden-election/2020/10/30/7f7e6a62-188a-11eb-8bda-814ca56e138b_story.html,110,1604239247.0,iyoiiiiu
Politbarometer zur US-Wahl: Deutsche rechnen mit engem Rennen,,0,https://www.zdf.de/nachrichten/politik/politbarometer-extra-us-wahl-2024-100.html,17,1730393390.0,innidatino
"Prognose zur US-Wahl: Kamala Harris oder Donald Trump? Dieser Professor will schon wissen, wer gewinnt",,0,https://www.spiegel.de/ausland/kamala-harris-oder-donald-trump-dieser-professor-will-schon-wissen-wer-gewinnt-a-5b75c452-9ce8-482d-aa0c-e5739f9e1933,19,1725713920.0,Gandhi70
"Washington Post: Richtige Entscheidung, falsche Argumente Jeff Bezos hat in seiner eigenen Zeitung begründet, warum diese keine Empfehlung für die US-Wahl abgibt.",,0,https://www.zeit.de/kultur/2024-10/washington-post-jeff-bezos-us-wahl-empfehlung,10,1730230483.0,ContactDenied
US-Wahl: Muslimische Gruppe Emgage Action unterstützt Kamala Harris.,,0,https://www.spiegel.de/ausland/us-wahl-muslimische-gruppe-emgage-action-unterstuetzt-kamala-harris-a-e40d96fd-da04-4ae9-8104-f0c1e07eca43,14,1727318755.0,bedbooster
Kandidatur zur US-Wahl: Demokrat Schiff ruft Biden zum Rückzug auf,,8,https://www.tagesschau.de/ausland/amerika/biden-us-wahl-demokraten-100.html,21,1721248406.0,lizardil
US-Wahl: FBI und Silicon Valley warnen vor Hackerangriffen aus Iran und Russland,,32,https://www.spiegel.de/netzwelt/us-wahl-fbi-und-silicon-valley-warnen-vor-hackerangriffen-aus-iran-und-russland-a-14be6f65-0105-43c9-b88c-1677e3d6c84e,5,1726720148.0,Gandhi70
US-Wahl: Spenden aus der Krypto-Branche – die heimlichen Präsidentenmacher,,17,https://www.spiegel.de/wirtschaft/us-wahl-spenden-aus-der-krypto-branche-die-heimlichen-praesidentenmacher-a-8884b0a3-5600-4d33-afc7-30fb49785094,2,1728391525.0,RomanesEuntDomusX
Neuauszählung der der US-Wahl in Wisconsin abgeschlossen: Trump gewinnt Stimmen hinzu,,137,http://www.spiegel.de/politik/ausland/usa-donald-trump-bleibt-sieger-in-wisconsin-a-1125621.html,210,1481615914.0,grimari
Bullshit-Bingo zur US-Wahl (durch Zwangsgebühren finanziert!!!![...]!!!),,550,http://i.imgur.com/1pkcw6Z.jpg,66,1478620124.0,Yoda_Holmes
"Ist die Reaktion auf die Us Wahl nicht genau das, was wir an den Trump und Afd anhängern immer kritisiert haben?","Beim [lesen](http://www.jetzt.de/us-wahl/wie-sich-die-ersten-48-stunden-nach-der-wahl-in-den-usa-angefuehlt-haben) dieses Artikels und zahlreichen anderen ist mir irgendwie aufgefallen, dass viele genau das machen, dass sie vorher kritisiert haben. Fakten zählen nicht mehr, sondern es zählt nur noch die Spekulation wie schlimm es unter Trump wird. Was vorher Angst vor überfremdung und ähnliches war und von den Medien als rechter Dünn­pfiff abgestraft wurde, weil es ja so viele Fakten gibt die da gegensprechen, ist es nun die Angst vor Rassismus und Sexismus und des Rechtruckes, die nun von genau diesen Medien mit gleichen Methoden verbreitet werden. 

Wie schon zuvor wird viel zu wenig Fokus auf die Sorgen der Trump oder Afd wähler gelegt, wenn überhaupt ist meist die Begründung das sie einfach nur ungebildet und unkultiviert sind, sondern es wird mit gleicher Qualität, wie es zuvor bei den Rechten kritisiert wurde, die Angst vor diesen Menschen geschürt und Propagiert. Trump wird schon jetzt als schlimmster Präsident aller Zeiten abgestraft, der eigentlich gar nicht hätte Gewinnen können. Es werden immer Stumpfe Argumente in den Raum geschmissen, die alleine gesehe undenkbar sinde, doch es wird meist nie der Kontext dargestellt. Z.B. wird immer die Mauer zu Mexiko als k.o Argument gegen Trump gebracht. Doch fast nie wird in diesem Kontext berrichtet, dass es bereits einen großen und gut bewachten Zaun an der Grenze gibt, der nicht weit von eine Mauer entfernt ist (nicht Geographisch gesehen) und das auch unter Demokratischer Regierung der letzten Jahre der Grenzschutz immer weiter ausgebaut und die Einwanderung erschwert wurde. MMn rechtfertigt das zwar immer noch keine Mauer, vorallem nicht auf Kosten Mexikos, und es gibt genug andere Lösungswege für dieses Problem, doch die Konsequenz einer derartigen Berichterstattung ist nunmal so jemand wie Trump.

Nun meine Frage:
Genau so wie Clinton und Trump in der Wahl mit zweierlei Maß gemessen wurden, messen wir nicht auch unsere Sorgen und die Sorgen der rechten mit zweierlei Maß?",73,https://www.reddit.com/r/de/comments/5ck5d6/ist_die_reaktion_auf_die_us_wahl_nicht_genau_das/,204,1478952809.0,hansoio
US-Wahl: Der Klub der Abtrünnigen,,3,https://www.sueddeutsche.de/politik/trump-harris-usa-wahl-republikaner-lux.9euDVSfW4nXZM7d6hnsEns,0,1725602824.0,Marsman6
OSZE: Elf Millionen US-Bürger waren von Wahl ausgeschlossen,,199,https://derstandard.at/2000090916923/OSZE-Elf-Millionen-US-Buerger-waren-von-Wahl-ausgeschlossen,85,1541700799.0,linknewtab
Die US Wahl wo live verfolgen?,"Hey zusammen,
Chef zwingt mich Überstunden abzubauen, also hab ich mir gedacht Mittwoch frei zu nehmen und die einflatternden Wahlergebnisse zu schauen.

Allerdings würd ich das gerne im US TV sehen. Und noch lieber unterhaltsamst ausgeführt. Am liebsten Trevor Noah oder Steven Colbert. 

Colbert ist wohl raus weil Showtime ein Pay-TV Sender ist und Comedy Central in Deutschland zeigt um 2-3 Uhr morgens Drawn together o.Ä.

Habt ihr Empfehlungen wo man live schauen kann und nicht zwingend so dröge wie in DE?

Vorschläge für ""unterhaltsamere"" Übertragungen bisher: 

- The Young Turks: https://www.youtube.com/watch?v=64GvIfUd9Zo

- Joe Rogan: https://www.youtube.com/user/PowerfulJRE

- Berliner Campusradio: https://www.facebook.com/couchFM/


Das ""dröge"" Programm:

- CNN

- MSNBC

- Fox News",29,https://www.reddit.com/r/de/comments/jm8mlu/die_us_wahl_wo_live_verfolgen/,97,1604259997.0,MaxPlease85
"Aktuelle Umfragen zur US-Wahl in Swing States, mit der Abweichung während der Wahl 2016 verrechnet (NY Times)",,94,https://i.imgur.com/2E01l8H.jpg,74,1601672549.0,htt_novaq
Bernie Sanders bläst nach US-Wahl zum Klassenkampf,,55,http://www.sueddeutsche.de/politik/demokraten-nach-us-wahl-bernie-sanders-blaest-zum-klassenkampf-1.3256878,112,1479632364.0,Xaron
US-Wahl: Wo geht es hier zur Großen Lüge?,,1,https://www.zeit.de/digital/internet/2023-11/us-wahl-ergebnis-soziale-medien-facebook-instagram,10,1700204455.0,H0lder
Wahlen in den USA - Megathread,"Hallo, Willkommen, Good evening

This is Berlin call... ah, falscher Megathread. Wir begrüßen euch zum r/de Megathread rund um die US-Wahl, die damit verbundenen Entwicklungen, Nachrichten und möglichen Konsequenzen. Im besten Fall werden wir mit euch den gesamten Abend, die Nacht und den Morgen die Wahl in den Vereinigten Staaten begleiten. Potentiell könnte es die Wahl zum 46. Präsidenten sein, es könnte aber auch die Wiederwahl von Donald Trump als 45. Präsident bedeuten.

Während sich die gesamte Aufmerksamkeit auf die Wahl zum US-Präsidenten verlagert, sollte nicht vergessen werden, dass heute Nacht darüber hinaus 35 der 100 Senats-Sitze neu gewählt werden, ebenso stehen 435 Sitze im Abgeordnetenhaus zur Wahl. Für die USA ist diese Wahlnacht also viel mehr als einfach nur die Entscheidung darüber, wer die nächsten vier Jahre im Weißen Haus verbringen wird. Ohne pathetisch klingen zu wollen, wird heute Nacht die Politik der USA für das nächste halbe Jahrzehnt entschieden.

Wir werden heute Nacht nicht nur versuchen, euch in diesem Megathread auf dem aktuellen Stand zu halten, sondern dem einen oder anderen Informationen zu liefern, um morgen im Büro mit ein bisschen Angeberwissen zu glänzen. Darüber hinaus sollte jeder selbst die Möglichkeit haben, sich ein Bild zu machen und zu verstehen, warum diese Wahl auch völlig ab vom Kampf Biden - Trump so bedeutend ist.


**Die Ausgangslage**

---

Das Wahlsystem der USA funktioniert in seinen Grundzügen vollkommen anders, als wir es in Deutschland kennen. Hier gibt es das sogenannte ""Electoral College"". Das bedeutet, dass es nicht die Gesamtheit der Stimmen in den USA (der sogenannte 'Popular Vote') braucht, um Präsident zu werden, sondern den Gewinn einer ausgewählten Zahl von Staaten. 

> Die USA wählen den Präsidenten nicht direkt, sondern über Wahlmänner. Davon gibt es 538, eine einfache Mehrheit genügt. Die Wahl der Wahlleute unterliegt dem Recht der jeweiligen Staaten, allerdings herrscht in 48 der 50 Staaten ein relatives Mehrheitswahlrecht, was bedeutet, dass der Kandidat mit den meisten Stimmen in dem Staat alle Wahlmänner des Staates erhält. Ausnahmen sind Maine und Nebraska, wo jeder Wahlkreis (für die Wahl zum Repräsentantenhaus) einen Wahlmann wählt, dazu kommen noch zwei staatsweite Wahlmänner.

> Washington D.C. ist zwar kein US-Bundesstaat, entsendet aber 3 Wahlmänner. Die vier Millionen US-Bürger in Guam, den Amerikanischen Jungferninseln, Puerto Rico, den nördlichen Marianen und Amerikanisch-Samoa haben kein Wahlrecht bei der Präsidentschaftswahl.

[Eine Karte mit den Wahlmännern](https://www.270towin.com/)

*Senat & Abgeordnetenhaus - Der Kongress*

In den USA gibt es ein Zwei-Kammern-System. Das Abgeordnetenhaus lässt sich in groben Zügen mit dem deutschen Bundestag vergleichen, der Senat in groben Zügen mit dem Bundesrat. Für viele wichtige Entscheidungen ist es nötig, dass beide Kammern einer entsprechenden Gesetzgebung zustimmen. Gegenwärtig wird das Abgeordnetenhaus in den USA von den Demokraten mit einer Mehrheit von 233 zu 198 dominiert. Alle Sitze stehen zur Wiederwahl.

Der Senat wird gegenwärtig mit 53-47 Sitzen von den Republikanern regiert. Von diesen Sitzen stehen 35 zur Wahl, die entsprechenden Senatoren werden mit einer Amtszeit von sechs Jahren gewählt. 

**Die Kandidaten**

---

Als Amtsinhaber treten Donald Trump als Präsident sowie Mike Pence als Vizepräsident an. Die Herausforderer sind Joe Biden und Kamala Harris.

KandidatIn | Partei |Alter| Staat| Derzeitiges Amt
---|---|----|---|---
Donald Trump|R|74 | Florida| US-Präsident
Joe Biden| D|77| Delaware | -
Mike Pence |R| 61 | Indiana | US-Vizepräsident 
Kamala Harris |D| 56 | Kalifornien| US-Senatorin

---

**Umfragen vor der Wahl**

Mit der Wahlniederlage von Hillary Clinton 2016 richtet sich der Fokus in diesem Jahr umso stärker auf die Umfrage-Institute der USA. Vielen von ihnen wurde nach der Wahl vorgeworfen, dass ihre Daten grundlegend falsch waren. Während die ""Pollster"" eingestehen mussten, dass sie gewisse Aspekte bei der letzten Wahl nicht ausreichend betrachtet haben, war die generelle Fehlerquote nicht so hoch, wie es oft behauptet wird. Tatsächlich lagen die meisten Umfragen im Rahmen der sogenannten Fehlertoleranz. 

Nichtsdestotrotz haben viele Umfrage-Institute ihre Technik in den letzten Jahren verändert. Damit ist immer noch eine Fehlertoleranz von bis zu 5 Prozent je nach Staat und Institut vorhanden und mit entsprechender Vorsicht sollten Umfragen betrachtet werden, es wurde aber an einer Verbesserung gearbeitet.

[FiveThirtyEight Umfragen](https://projects.fivethirtyeight.com/polls/president-general/national/) | [RealClearPolitics National](https://www.realclearpolitics.com/epolls/2020/president/us/general_election_trump_vs_biden-6247.html) | [RealClear Politics Battleground States](https://www.realclearpolitics.com/elections/trump-vs-biden-top-battleground-states/)

*Was sind ""Battleground States""?*

In den USA gibt es 50 Staaten, von denen einige ganz traditionell eine bestimmte Partei wählen. So ist beispielsweise bekannt, dass Kalifornien eine Hochburg der demokratischen Partei ist und mit einer Gewissheit von ~99% für Kandidaten dieser Partei stimmen wird. Ähnlich sieht es mit Staaten wie Vermont, Washington oder New York aus. Auf der anderen Seite können sich die Republikaner sicher sein, dass sie Staaten wie Alabama, Kentucky, Louisiana oder Idaho für sich verbuchen können. Battleground States sind hingegen umkämpfte Staaten, in denen das Ergebnis nicht bereits vorher feststeht. In den meisten Umfragen sind es hier nur wenige Prozentpunkte, die die Kandidaten trennen. Das ist wichtig, da es am Ende diese Staaten sein werden, die entscheiden, ob die benötigte Mehrheit an Wahlmännern erreicht wird. In dieser Wahl sollte vor allem ein Augenmerk auf diese Staaten gerichtet werden:

**Ohio**: Einer, wenn nicht der klassische Swing-State. Ohio gilt als Generalprobe für eine erfolgreiche Präsidentschaft. Es gilt sogar das Motto, dass man nicht Präsident werden kann, wenn man nicht Ohio gewinnt. Trump gewann den Staat 2016 mit 51,5% zu 43,5% der Stimmen. Umfragen sagen dieses Jahr ein völlig offenes Rennen voraus.

**Pennsylvania**: Pennsylvania ist ein weiterer der Swing-States, die für niemanden sicher sind. In diesem Jahr ist es einer, wenn nicht vielleicht der eine Staat, in den die Kandidaten die meiste Zeit investiert haben. Neben seiner bedeutenden Position als Swing-State kommt eine Besonderheit hinzu: Briefwahl-Stimmen können hier bis zum 12. November ausgewertet werden, wenn sie rechtzeitig eingeworfen wurden. Das könnte zu einer Verzögerung der Ergebnisse führen. Trump gewann hier 2016 mit 48,2% zu 47,5%. Umfragen sehen Joe Biden mit ~5% Vorsprung.

**Wisconsin**: In den letzten 30 Jahren hat Wisconsin nur einmal für einen republikanischen Kandidaten gewählt - für Donald Trump, 2016, mit 47,8% zu 47%. Trotzdem ist der Staat umkämpft und gilt als einer der absolute Battleground States in diesem Wahlkampf. Auch hier sehen die meisten Umfrage-Institute Biden mit einer klaren Mehrheit.

**Arizona**: Arizona ist das genaue Gegenteil zu Wisconsin und hat in den letzten 30 Jahren nur einmal für einen demokratischen Kandidaten gewählt, nämlich für Bill Clinton 1996. Trump gewann 2016 mit 48.7% zu 45.1%. Trotzdem ist der Staat heute einer der größten Battleground States und Biden hat in den Umfragen einen Vorsprung von um und bei drei Prozentpunkten.

**North Carolina**: North Carolina weiß nicht wohin mit sich selbst und hat einige der engsten Wahlergebnisse bei allen Wahlen zu verzeichnen. Trump gewann hier 2016 zwar mit 49.8% zu 46.2%, aber in diesem Jahr ist der Staat in den Umfragen mit einer leichten Neigung zu Biden umkämpft. Darüber hinaus hat auch North Carolina eine Erweiterung der Frist für die Briefwahl erhalten - bis zum 12. November werden Briefwahlen ausgezählt.

**Michigan**: Mit 47.5% zu 47.3% war Michigan eines der engsten Wahlergebnisse im Jahr 2016 und einer von drei Staaten, die Clinton vermutlich die Präsidentschaft gekostet haben. Derzeit führt Joe Biden in den Umfragen mit soliden 5 bis 8 Prozentpunkten.

**Florida**: Florida ist spätestens mit der Wahl zwischen George Bush und Al Gore zu trauriger Berühmtheit gekommen. Die bis heute als überaus fragwürdig betrachteten Vorgänge rund um die Wahl im Jahr 2000 haben einen traurigen Präzedenzfall geschaffen, der sich unter Umständen in diesem Jahr wiederholen könnte. Hier haben wir einen klassischen Fall von ""Too close to call"" - das Rennen ist völlig offen.

**Texas**: Texas hat eine spannende Historie, was die Beziehung zu Demokraten und Republikanern angeht. Bis tief in die 70er Jahre war der Staat ""blau"" - also demokratisch - ehe er zum Stammland der Republikaner wurde. Der Grund? Die Südstaaten-Demokraten, die mit Rassentrennung und Bürgerrechten nur wenig anfangen konnten, gingen nach dem Bruch der Demokraten mit diesen Themen zu den Republikanern über. In den letzten Jahren hat sich in Texas jedoch eine weiße, wohlhabende Mittelschicht mit Tendenz zur Wahl für die Demokraten angesiedelt, während die ""Hispanics"" ihr Übrigens zum Wandel tun. Texas ist trotzdem weiterhin leicht favorisiert für Trump - aber ein Außenseitergewinn für Biden erscheint nicht unmöglich.!<

---

**Warum es heute Nacht vielleicht kein Ergebnis gibt**

In den letzten Monaten und Wochen war immer wieder die Rede davon, dass die Wahlnacht am Ende vielleicht keinen Sieger hervorbringen wird. Das ist durchaus eine reale Gefahr und wir versuchen kurz zu erklären, warum das so ist:

Die Pandemie hat natürlich auch ihre Auswirkungen auf die Wahl. In diesem Jahr haben sich viele Menschen dafür entschieden, ihre Stimme entweder per Briefwahl oder vorgezogener Wahl abzugeben. Nach aktuellen Zahlen wurden einen Tag vor der Wahl bereits 90 Millionen Stimmen abgegeben - etwa 25 Millionen mehr Stimmen als im letzten Wahlkampf. Gleichzeitig gibt es Zweifel für die Effizienz des US-Postal-Service und die Zustellung von Briefwahlstimmen zur Auszählung.

Da in einigen Staaten eine Auszählung von solchen Stimme bis in die nächste Woche möglich ist und dies besonders die Swing-States trifft und darüber hinaus eine Rekordsumme an Stimmen erwartet wird, könnte es sein, dass kein endgültiges Ergebnis in der Wahlnacht vorliegen wird.


---

**Hintergrundinformationen zum Selbst-Informieren**

Die folgenden Links sollen euch die Möglichkeit geben, euch selbst ein Bild zu machen und vielleicht vor der Wahl noch die eine oder andere interessante Information über die Kandidaten zu erhalten.

[Debatte zwischen Donald Trump und Joe Biden 1](https://www.youtube.com/watch?v=K8Z9Kqhrh5c)

[Debatte zwischen Donald Trump und Joe Biden 2](https://www.youtube.com/watch?v=bPiofmZGb8o)

[Debatte zwischen Vizepräsident Mike Pence und Vizepräsidentschafts-Kandidatin Kamala Harris](https://www.youtube.com/watch?v=t_G0ia3JOVs)

[Wie viel Geld haben die Kandidaten in ihre Kampagnen investiert?](https://www.npr.org/2020/05/20/858347477/money-tracker-how-much-trump-and-biden-have-raised-in-the-2020-election)

[60 Minutes: Donald Trump](https://www.youtube.com/watch?v=FdAh2HJ98WE) | [60 Minutes: Joe Biden](https://www.youtube.com/watch?v=kSAo_1mJg0g)

[Zahlen bitte! 538 Wahlmänner für die US-Präsidentschaft](https://www.heise.de/hintergrund/Zahlen-bitte-538-Wahlmaenner-fuer-die-US-Praesidentschaft-4931959.html)

---

**Ticker & Übertragungen**

Deutschsprachiges Fernsehen


Kanal | Thema | Zeit | Link
---|---|----|----
ARD | *Amerika wählt - wer wird der nächste Präsident?* | Ab **22:50** Uhr |  [Klick](https://live.daserste.de/)
ZDF| *Die Nacht der Entscheidung* | Ab **00:15** Uhr | [Klick](https://www.zdf.de/live-tv)
RTL| *Kampf ums Weiße Haus - Die Entscheidung* | Ab **03:00** Uhr | -
Phoenix| *Phoenix-Runde zur Präsidentschaftswahl in den USA* | Ab **00:00** Uhr | [Klick](https://www.ardmediathek.de/phoenix/live/)
 | *Phoenix vor Ort* | Ab **00:45** Uhr | [Klick](https://www.ardmediathek.de/phoenix/live/)
ORF 2| *ZIB 2 Special* | Ab **22:00** Uhr | -
 | *Sondersendung zur US-Wahl* | Ab **00:00** Uhr | -
ALEX Berlin | Rot zu Blau?! Die Wahlnacht mit couchFM | Ab **00:00** Uhr | [Klick](https://www.alex-berlin.de/tv/livestream.html)

Englischsprachige Übertragungen

[CNN](https://edition.cnn.com/) | [Reuters](https://www.youtube.com/watch?v=wL-WEQpnzqQ) | [ABC](https://www.youtube.com/watch?v=w_Ma8oQLmSM) | [MSNBC](https://www.youtube.com/watch?v=iwRA-dtub7Y)

Liveticker & Live-Ergebnisse

[Tagesschau](https://tsde.li/liveblog-usa) | [Politico](https://www.politico.com/2020-election/results/president/) | [BBC](https://www.bbc.com/news/live/election-us-2020-54786937) | [Fox News](https://www.foxnews.com/elections/2020/general-results/live-updates)",757,https://www.reddit.com/r/de/comments/jn8snv/wahlen_in_den_usa_megathread/,10788,1604403549.0,MegathreadDE
US-Wahlen 2020: Taliban werben für die Wahl von Donald Trump,,142,https://www.t-online.de/nachrichten/ausland/usa/id_88418684/us-wahlen-2020-taliban-werben-fuer-die-wahl-von-donald-trump.html,35,1602414312.0,Johnny_Radiation
Putin soll Manipulation der US-Wahl angeordnet haben,,11,http://www.berliner-zeitung.de/politik/us-geheimdienste-putin-soll-manipulation-der-us-wahl-angeordnet-haben-25494380,98,1483773711.0,Doener23
US-Wahl: Hillary Clinton glaubt an Wahlmanipulation durch Russland,,22,http://www.shz.de/deutschland-welt/politik/hillary-clinton-glaubt-an-wahlmanipulation-durch-russland-id14765101.html,97,1473231325.0,FlyingLowSH
Analyse/Vorhersage der US-Wahl 2016 [OC],"Hi Leute, 


Ersteinmal Warnung: ein bisschen Text.
Ich dachte mir ich mache mir die Mühe und erkläre den US-Wahlkampf ein bisschen näher, sowie einige Vorhersagen anhand von Umfragen vornehmen. Wenn es den einen oder anderen User mehr Wert bietet als ein neuer ""/de/ Mods sind Nazis"" Shitpost, dann war es mir das schon Wert.


Am Dienstag, den 8. November finden die US-Wahlen statt. Gewählt wird in allen US-Staaten. Jeder Staat besitzt dabei, abhängig von ihrer Einwohnerzahl, eine gewisse Anzahl von Wahlmännern. Diese wählen dann im [Electoral College](https://en.wikipedia.org/wiki/Electoral_College_(United_States)) den US-Präsidenten. Zur Mehrheit werden 270 Stimmen benötigt.


Die Republikaner (Trump)  treten dabei gegen die Demokraten (Clinton) an. Es gibt noch mehr Parteien, diese besitzen allerdings keinerlei Chance. Einige Staaten sind demographisch so republikanisch (z.B. Texas, Louisiana) oder demokratisch ( Kalifornien, New York) , dass man einen Sieg derjenigen Partei zu 99,9% sicher sein kann. Auf der US Wahl-Karte sieht das dann folgendermaßen aus (Quelle: realclearpolitics.com):


http://imgur.com/a/zxeMd


Zu einer Mehrheit werden also weitere Stimmen benötigt. Hier kommen die Swing States (in der Grafik Toss-Ups) ins Spiel. Diese sind nicht klar einer politischen Richtung zuzuweisen. Clinton braucht aus diesen Staaten nur noch 46 weitere Stimmen, dass heisst Trump muss hier sehr gut abschneiden um überhaupt Chancen zu haben.


Clinton besitzt sehr gute Umfragewerte in den Staaten Maine(4,5% Führung), Colorado(2,6%), Virginia(5,2%) und Pennsylvania (3%). Gewinnt sie alle diese Staaten hat sie 268 Stimmen und benötigt noch einen weiteren Staat. Gehen wir aus Dramatikgründen einmal davon aus, dass Trump es schafft von diesen Staaten den mit den meisten Wahlstimmen, Pennsylvania, noch zu gewinnen. (Möglich, aber mMn. sehr unwahrscheinlich. Wirklich der Worst-Case für die Demokraten aufgrund der 20 Stimmen von Pennsylvania) Die Karte sieht dann folgendermaßen aus:


http://imgur.com/a/9OD6N


Besonders wichtig sind traditionell und werden es diesmal auch wieder Florida (29 Wahlmänner) und Ohio (18). In Florida liegt Clinton in Umfragen mit 1-3 Prozentpunkten vorne, in Ohio dagegen Trump mit 3-5 %. Florida würde nach den bisherigen Annahmen jetzt schon Clinton für den Gesamtsieg ausreichen. Geht Florida dagegen an Trump und Clinton gewinnt Ohio müsste Trump nun alle weiteren noch offenen Swing States gewinnen (New Hampshire, Nevada, Arizona, North Carolina, Iowa) Ihr seht also, wie wichtig diese beiden Staaten werden.


Anhand von Umfragewerten werden alle möglichen Szenarien simuliert (und nicht wie hier nur eins) und ihre Wahrscheinlichkeiten analysiert. Die NYTimes kommt dabei auf eine Wahrscheinlichkeit von 84% für einen Clinton-Sieg. Konservativere Schätzungen wie FiveThirtyEight  auf 67,8%.


Wen Gedankenspiele dieser Art gefallen und ein bisschen selbst experimentieren will empfehle ich entweder die Seite der [NY TIMES] (http://www.nytimes.com/interactive/2016/upshot/presidential-polls-forecast.html?action=click&pgtype=Homepage&clickSource=story-heading&module=c-column-middle-span-region&region=c-column-middle-span-region&WT.nav=c-column-middle-span-region) (dort ist vor ganz unten ein nettes interaktisches Gedankenspiel) oder von [REALCLEARPOLITICS] (http://www.realclearpolitics.com/epolls/2016/president/create_your_own_president_map.html). Fragen oder Diskussionen sind in den Kommentaren willkommen.


TLDR: Es wurden einige Gedankenspiele mit der US-Wahl durchgeführt. Anhand der Bilder werden mögliche Szenarien verdeutlicht, wie wichtige US-Staaten abstimmen könnten. Trump muss einige wichtige Staaten (wie Ohio und Florida) gewinnen, ansonsten hat er fast keine Chance. Vollkommen ausschließen darf man diesen Fall aber auch nicht.",121,https://www.reddit.com/r/de/comments/5b4f5c/analysevorhersage_der_uswahl_2016_oc/,60,1478275617.0,idt923
"US-Wahl: Ein guter Abend für Biden, für Trump nicht",,34,https://www.sueddeutsche.de/politik/us-wahl-biden-trump-townhall-fernduell-1.5074382,44,1602835526.0,schickeria01
„Biden steht für alte Politik“: Nach US-Wahl bricht Wagenknecht eine Lanze für Trump - Video,,0,https://focus.de/politik/ausland/us-wahl/ard-talk-bei-maischberger-biden-steht-fuer-alte-politik-nach-us-wahl-bricht-wagenknecht-eine-lanze-fuer-trump_id_12625501.html,52,1604594262.0,Piorz
US-Wahl 2024: Francis Suarez macht Donald Trump Konkurrenz,,0,https://www.sueddeutsche.de/politik/us-wahl-republikaner-profil-suarez-praesidentschaftskandidat-1.5976862,8,1688058044.0,GirasoleDE
Putin gibt Juden die Schuld an der Einflussnahme auf die US-Wahl,,69,http://www.huffingtonpost.de/entry/putin-gibt-juden-die-schuld-an-der-einflussnahme-auf-die-us-wahl_de_5aa3ffffe4b086698a9e2608,56,1520727417.0,kapuh
US-Wahl: 126 Millionen Amerikaner sahen russische Werbung auf Facebook,,59,https://derstandard.at/2000066932387/USA-Wahl-126-Millionen-Amerikaner-sahen-russische-Werbung-auf-Facebook,55,1509439161.0,Irontowner
"US-Präsidentschaftswahl 2024 : Wie ich eine Wahl gewinne, die ich verloren habe | Die Republikaner arbeiten daran, das Ergebnis der nächsten Präsidentschaftswahlen nicht anerkennen zu müssen.",,59,https://12ft.io/proxy?ref=&q=https://www.zeit.de/2022/42/us-praesidentschaftswahl-2024-republikaner-wahlbetrug,10,1665844533.0,Europeaball
"Der Chef der US-Cybersicherheitsagentur, Christopher Krebs, bezeichnete die Wahl als »sicherste in der amerikanischen Geschichte« – das kam bei Trump nicht gut an. Nun muss er seinen Posten räumen.",,114,https://www.spiegel.de/politik/ausland/donald-trump-feuert-us-cybersicherheitschef-christopher-krebs-a-15274540-ad6c-4637-9dd0-1c6d28cff684?sara_ecid=soci_upd_wbMbjhOSvViISjc8RPU89NcCvtlFcJ,20,1605669442.0,bedbooster
Der US-Demokraten-Vorwahl-Wahl-o-mat,,13,https://www.washingtonpost.com/graphics/politics/policy-2020/quiz-which-candidate-agrees-with-me/,40,1582989146.0,htt_novaq
US Justizministerium untersucht Trumps Verhalten nach der US-Wahl,,11,https://www.spiegel.de/ausland/donald-trump-justizministerium-untersucht-laut-washington-post-verhalten-nach-der-us-wahl-a-8af6b1a3-a429-4f9e-aa07-69e18f33ac35,11,1658887568.0,eierlikoerkrapfen
"Was, wenn Donald Trump die Wahl verliert, aber nicht gehen will? Der US-Juraprofessor Lawrence Douglas hat einige beunruhigende Szenarien für diesen Fall durchdacht.",,55,https://www.zeit.de/politik/ausland/2020-06/lawrence-douglas-usa-donald-trump-wahlkampf-briefwahl-manipulation-wahlniederlange,28,1591813052.0,pacolingo
"US-Rechtswissenschaftler warnt vor ""totalem System-Zusammenbruch"" nach Wahl",,27,https://www.spiegel.de/politik/ausland/us-wahl-us-rechtswissenschaftler-warnt-vor-totalem-system-zusammenbruch-nach-wahl-a-02bf76dd-973f-4fe5-8f29-7d860fcbe389,27,1604128897.0,hansfreudenklo
Zunächst 38 neue Eurofighter geplant - Entscheid über US-Jets nach der Wahl,,8,https://www.onvista.de/news/zunaechst-38-neue-eurofighter-geplant-entscheid-ueber-us-jets-nach-der-wahl-351724947,34,1587556404.0,Bojarow
"[podcast] ""Das Verbrechen des Jahrhunderts"" - Washington Post: Putin hat Einmischung in US Wahl direkt angeordnet (5 min)",,5,http://ondemand-mp3.dradio.de/file/dradio/2017/06/23/washington_post_putin_hat_einmischung_in_us_wahl_dlf_20170623_1833_cf6ca969.mp3,47,1498266156.0,harzach
US-Wahl 2024: Lara Trump deutet weitere Präsidentschaftskandidatur ihres Schwiegervaters an,,0,https://www.spiegel.de/politik/ausland/donald-trump-lara-trump-befeuert-spekulationen-ueber-kandidatur-2024-a-b617b12c-bf4e-462a-93e5-f938a38c36d8,23,1613942153.0,GirasoleDE
Nach der US-Wahl: Donald Trump droht jetzt das Gefängnis,,0,https://www.fr.de/politik/usa-us-wahl-2020-donald-trump-praesident-strafverfahren-gefaengnis-90093964.html#idAnchComments,23,1604911733.0,Krustschow
US-Wahl: Republikaner wollen Mike Pence verklagen – und Donald Trump so doch noch zum Sieger machen,,20,https://www.fr.de/politik/donald-trump-usa-mike-pence-us-wahl-klage-republikaner-praesident-vize-ergebnis-wahlleute-90153683.html,19,1609508890.0,GirasoleDE
US-Wahl - SPIEGEL-Umfrage: Mehrheit der Deutschen hat kein Verständnis für Trumps Zweifel am Wahlergebnis,,0,https://www.spiegel.de/politik/deutschland/us-wahl-mehrheit-der-deutschen-hat-kein-verstaendnis-fuer-trumps-zweifel-am-wahlergebnis-a-44fd0706-3dd8-47e5-b0b7-1db25046e92f,23,1605189105.0,GirasoleDE
Gefahr durch Milizen bei US-Wahl: Mit Waffen für Trump,,24,https://taz.de/Gefahr-durch-Milizen-bei-US-Wahl/!5722432/,18,1604392059.0,MannAusSachsen
"Donald Trump soll Justizminister gedrängt haben, US-Wahl für »korrupt« zu erklären",,49,https://www.spiegel.de/ausland/donald-trump-soll-justizminister-gedraengt-haben-us-wahl-fuer-korrupt-zu-erklaeren-a-d351e0a5-4e0b-42ff-935b-332fd6f0e5ab,8,1627715574.0,linknewtab
US-Wahl 2020: Auf dem Weg zur Wiederwahl,,20,https://www.zeit.de/politik/ausland/2019-07/us-wahl-2020-donald-trump-zufriedenheit-wiederwahl,27,1562709212.0,ueberklaus
"Donald Trump und der Aufstieg der Milizen vor der US-Wahl: ""Es wird Unruhen geben""",,35,https://www.spiegel.de/politik/ausland/donald-trump-und-der-aufstieg-der-milizen-vor-der-us-wahl-es-wird-unruhen-geben-a-810cc618-f8c4-496c-9949-a6c86cb2db0a,16,1602956125.0,KeinTollerNick
"Nebenschauplätze der US-Wahl: Staaten für Entkriminalisierung von Marihuana und ""Magic Mushrooms""",,48,https://www.derstandard.at/story/2000121430189/nebenschauplaetze-der-us-wahl-new-jersey-und-arizona-fuer-entkriminalisierung,12,1604496887.0,Pumuckl4Life
US-Wahl: Eure Vorhersage,"So, jetzt mal Butter bei die Fische: Was sind eure Vorhersagen? Wer bekommt wie viele Wahlleute? 

Ein hilfreicher Link: 

http://www.270towin.com",8,https://www.reddit.com/r/de/comments/5bn8yw/uswahl_eure_vorhersage/,36,1478537649.0,RSQFree
"Wende in den Umfragen zur US-Wahl: Innenstädte brennen, Geschäfte werden geplündert – und Trump wittert seine Chance",,1,https://www.tagesspiegel.de/berlin/wende-in-den-umfragen-zur-us-wahl-innenstaedte-brennen-geschaefte-werden-gepluendert-und-trump-wittert-seine-chance/26149240.html,17,1599063727.0,VishnuX
US-Wahl: Russische Drahtzieher sollen bei Facebook Anzeigen geschaltet haben,,11,http://www.spiegel.de/politik/ausland/us-wahl-russische-drahtzieher-sollen-bei-facebook-anzeigen-geschaltet-haben-a-1166480.html#ref=rss,33,1504744020.0,harzach
Die US-Wahl könnte für die ganze Welt gefährlich werden,,9,https://www.tagesspiegel.de/politik/wahlvorgang-infrage-gestellt-die-us-wahl-koennte-fuer-die-ganze-welt-gefaehrlich-werden/26085978.html,16,1597327128.0,Pschirki
Geheimdienstbericht: Russland wollte US-Wahl 2020 zugunsten von Trump beeinflussen,,5,https://www.spiegel.de/politik/ausland/geheimdienstbericht-russland-wollte-us-wahl-2020-zugunsten-von-trump-beeinflussen-a-0dc8c43f-64db-42b8-af9f-190e81b9bb0e,12,1615930210.0,GirasoleDE
Wettanbieter für US-Wahl,"Welche deutschen Wettanbieter machen es möglich auf die US Wahl zu setzen, finde bisher keinen
Danke schon mal im vorraus",4,https://www.reddit.com/r/de/comments/jh6v3m/wettanbieter_für_uswahl/,14,1603536173.0,TrAyLTank
Hillary Clinton nennt US-Wahl „Cyber 9/11“ und macht Facebook schwere Vorwürfe – Donald Trump hofft auf ihre erneute Kandidatur,,0,http://meedia.de/2017/10/17/hillary-clinton-nennt-us-wahl-cyber-911-und-macht-facebook-schwere-vorwuerfe-donald-trump-hofft-auf-ihre-erneute-kandidatur/,31,1508293688.0,harzach
"Falschinformationen zur US-Wahl 2020: Rudy Giuliani auf 1,3 Milliarden Dollar Schadensersatz verklagt",,36,https://www.spiegel.de/politik/ausland/wahl-in-den-usa-rudy-giuliani-auf-1-3-milliarden-dollar-schadensersatz-verklagt-a-6d92ba2d-5a61-46b9-a089-952545909343,7,1611601252.0,GirasoleDE
Nach heftiger Kritik: Präsident Trump räumt russische Einmischung in jüngster US-Wahl ein - SPIEGEL ONLINE,,38,http://spon.de/afhgM,20,1531854315.0,Sanktaphrax
Vor der US-Wahl: Donald Trumps Anwalt soll Pornostar Schweigegeld gezahlt haben,,27,http://www.spiegel.de/politik/ausland/donald-trump-anwalt-soll-pornostar-schweigegeld-gezahlt-haben-a-1187667.html,23,1515858806.0,GirasoleDE
Europa nach der US-Wahl:Nur einer kann Europa führen,,0,https://www.zeit.de/politik/ausland/2020-11/wahl-usa-donald-trump-joe-biden-demokratie-eu-europa,12,1604600076.0,Gandhi70
US-Präsident: Donald Trump würde Niederlage bei US-Wahl akzeptieren,,0,https://www.zeit.de/politik/ausland/2020-06/us-praesident-donald-trump-praesidentschaftswahl-usa-niederlage,14,1592060020.0,GirasoleDE
"Meinungsforscher Petersen, wieso Umfragen vom (aktuellen) Ergebnis der US-Wahl abweichen: ""Dann setzt aber offenbar das Wunschdenken ein, und man säuft sich sozusagen die Zahlen schön. So redet sich dann die Öffentlichkeit gegenseitig etwas ein, obwohl die Zahlengrundlage marginal ist.""",,0,https://www.welt.de/politik/deutschland/article219345946/Biden-und-die-US-Wahl-Viele-wurden-Opfer-ihres-Wunschdenkens.html#Comments,9,1604514138.0,WhoKnowsBruh
US-Wahl: Für Trump ist es vorbei - jetzt wirklich,,0,https://www.sueddeutsche.de/politik/joe-biden-electoral-college-donald-trump-us-wahl-2020-1.5148127,10,1608033384.0,GirasoleDE
Megathread: US-Midterm-Wahlen,"Hallo ihr lieben! 

Die Midterms in den USA stehen an und wir haben gedacht es wäre nett, euch einen zentralen Thread zum Thema für Diskussionen und sonstiges zur Verfügung zu stellen.

---

**Was sind die Midterms?**


* Die Midterms finden jeweils zur Hälfte der Präsidentschaft statt. In diesem Rahmen werden **alle 435 Abgeordnete des Repräsentantenhauses** sowie **35 der 100 Senatssitze** neu gewählt. 
* Gleichzeitig finden in 36 Staaten und drei US-Territorien Gouverneurswahlen statt. 

---

**Hintergrund - Allgemein**

* Tendenziell hat in den Midterms die Oppositionspartei den Vorteil 
* Umfragen gehen davon aus, dass das Repräsentantenhaus klar republikanisch wird
* Umfragen gingen ebenfalls davon aus, dass der Senat vermutlich republikanisch wird. Das änderte sich mit der Entscheidung des Supreme Courts, [Roe v. Wade aufzuheben](https://de.wikipedia.org/wiki/Dobbs_v._Jackson_Women%E2%80%99s_Health_Organization), infolgedessen die Umfragen vorhersagten, dass der Senat vermutlich demokratisch bleibt bzw. diese sogar noch Sitze dazugewinnen können. Je näher die Wahl rückt, desto mehr tendierten die Umfragen jedoch wieder Richtung Republikaner, die momentan in den Umfragen in dieser Hinsicht einen Vorsprung genießen. 
* Es ist nicht unwahrscheinlich, dass wir die Ergebnisse heute nach noch nicht kennen und der Ausgang der Midterms erst morgen oder im Laufe der nächsten Tage feststeht. 


---

**Hintergrund - Medien**

[BBC: US midterms 2022: The key states to watch on election night](https://www.bbc.com/news/world-us-canada-63402244) 

[CNN: A non-American’s guide to the 2022 US midterms](https://edition.cnn.com/2022/11/07/americas/us-midterms-explained-non-americans-intl/index.html) 

[The Guardian: When will we know who won US midterm races — and what to expect on election day](https://www.theguardian.com/us-news/2022/nov/08/midterm-election-day-race-won-when-timing-deadlines) 

[Tagesschau: Wie Deutschland auf die Midterms blickt](https://www.tagesschau.de/inland/innenpolitik/midterms-usa-deutschland-101.html) 

[WiWo: Alles Wichtige zu den Zwischenwahlen in den USA](https://www.wiwo.de/politik/ausland/midterms-2022-alles-wichtige-zu-den-zwischenwahlen-in-den-usa-/28793772.html) 


---

**Live-Ticker Englisch** 

[CNBC](https://www.cnbc.com/2022/11/07/midterm-elections-2022-live-updates-biden-obama-clinton-rally-for-democrats.html) 

[CNN](https://edition.cnn.com/politics/live-news/midterm-election-results-livestream-voting-11-08-2022) 

[NBC](https://www.nbcnews.com/politics/2022-election/live-blog/elections-2022-live-updates-rcna55757) 

[NY Times](https://www.nytimes.com/live/2022/11/08/us/election-midterms) 

[WSJ](https://www.wsj.com/livecoverage/election-midterms-2022) 


---

**Live-Ticker Deutsch**

[FAZ](https://www.faz.net/aktuell/politik/ausland/liveticker-zu-us-midterms-technische-probleme-in-einigen-bundesstaaten-18431479.html) 

[Frankufter Rundschau](https://www.fr.de/politik/midterms-ergebnisse-aktuell-wahlen-usa-prognosen-sieger-demokraten-republikaner-2022-news-ticker-zr-91902493.html) 

[NZZ](https://www.nzz.ch/international/midterms-in-den-usa-keine-nennenswerte-hacking-aktivitaeten-registriert-abtreibungsfrage-mobilisiert-waehlerinnen-ld.1709532) 

[RND](https://www.rnd.de/politik/midterms-2022-live-entwicklungen-und-ergebnisse-der-zwischenwahlen-in-den-usa-im-liveticker-ZFKMXSEBGM6PH7VII4HVV3HYWY.html) 

---

**Umfragen/Vorhersagen**

[FiveThirtyEight: Senate Forecast](https://projects.fivethirtyeight.com/2022-election-forecast/senate/?cid=rrpromo)

[FiveThirtyEight: House Forecast](https://projects.fivethirtyeight.com/2022-election-forecast/house/?cid=rrpromo) 

[FiveThirtyEight: 2022 Election - Live Analysis and Results](https://fivethirtyeight.com/live-blog/2022-midterm-election/) 

[RealClearPolitics: Battle for the Senate 2022](https://www.realclearpolitics.com/epolls/2022/senate/elections-map.html) 

[RealClearPolitics: Battle for the Senate 2022 RCP Projection](https://www.realclearpolitics.com/epolls/2022/senate/elections-map-rcp-projection.html)",91,https://www.reddit.com/r/de/comments/ypqnwm/megathread_usmidtermwahlen/,546,1667923733.0,ModteamDE
"Sven und Beatrix von Storch enthüllen: Wie Ben Utzer, Mitglied der Piratenpartei, die US-Wahl sabotierte",,28,https://pbs.twimg.com/media/EnB8StxXIAEYEd7.jpg,7,1605645757.0,GirasoleDE
US-Wahl: Bin Ladin unterstützt Trump,,0,https://www.sueddeutsche.de/politik/trump-us-wahl-bin-ladin-nichte-1.5023400,11,1599484561.0,GirasoleDE
"US-Wahl: ""New York Times"" für Warren und Klobuchar als Präsidentschaftskandidatinnen",,7,https://www.derstandard.at/story/2000113503812/moege-die-beste-frau-gewinnen-new-york-times-fuer-warren,14,1579541310.0,Pumuckl4Life
"Es ist erstaunlich einfach, die US-Wahl zu hacken",,11,http://www.sueddeutsche.de/digital/wahlmaschinen-es-ist-erstaunlich-einfach-die-us-wahl-zu-hacken-1.3203520,27,1476434730.0,AlL_RaND0m
"US-Wahl 2020: ""Die Simpsons"" nennen 50 Gründe, Trump nicht zu wählen",,0,https://web.de/magazine/unterhaltung/tv-film/us-wahl-2020-simpsons-nennen-50-gruende-trump-waehlen-35172736,10,1602746703.0,Krustschow
Umfragen zur US-Wahl: Die Demokraten dürfen hoffen,,5,https://www.sueddeutsche.de/politik/us-wahl-praesidentschaftswahl-joe-biden-donald-trump-umfragen-1.4998642,10,1597678249.0,GirasoleDE
"Zwischen Corona, US-Wahl und Verschlüsselungsverbot ist es vielleicht untergegangen aber...","...David Hasselhoff hat einen Metal Song namens 'Through the Night' mit der Österreichischen Band CueStack aufgenommen welcher, samt passendem Video dazu, am 10.12. veröffentlicht werden soll.  

[APA](https://www.ots.at/presseaussendung/OTS_20201028_OTS0009/david-hasselhoff-goes-heavy-metal-in-oesterreich-bild)",5,https://www.reddit.com/r/de/comments/jrpgsu/zwischen_corona_uswahl_und_verschlüsselungsverbot/,8,1605029996.0,meistermichi
Trumps Chancen bei der nächsten US-Wahl - Eine Umfrage alarmiert die Demokraten,,3,https://spon.de/afA1h,14,1572943078.0,kraal42
[US-Präsidentschaftswahl] :Militär versichert Neutralität bei US-Wahl,,15,https://www.zeit.de/politik/ausland/2020-08/us-praesidentschaftswahl-militaer-neutralitaet-mark-milley,8,1598733424.0,TheRealTilliamWell
US-Wahl 2020: Beto O’Rourke gibt Präsidentschaftskandidatur auf,,9,https://www.zeit.de/politik/ausland/2019-11/us-wahl-2020-beto-o-rourke-ausstieg-praesidentschaftskandidatur,13,1572679908.0,kraal42
"US-Wahl 2020: Amy Dorris wirft Trump sexuelle Belästigung vor - ""Dann wurde sein Griff fester""",,0,https://www.sueddeutsche.de/politik/trump-amy-dorris-vorwuerfe-1.5036180,9,1600438764.0,GirasoleDE
"Historiker zur US-Wahl 2020: ""Donald Trump möchte nicht im Gefängnis landen"" (Interview mit Timothy Snyder)",,3,https://www.t-online.de/nachrichten/ausland/usa/id_88715934/historiker-zur-us-wahl-2020-donald-trump-moechte-nicht-im-gefaengnis-landen-.html,7,1604403321.0,GirasoleDE
Fox News soll vor US-Wahl von Trump-Affäre gewusst haben,,8,https://www.t-online.de/nachrichten/ausland/usa/id_85352112/bericht-fox-news-wusste-schon-vor-us-wahl-von-trumps-affaere.html,15,1551770714.0,ThorstenSchreiner
US-Wahl: Frank-Walter Steinmeier zum Wahlsieg Trumps am 09.11.2016,,15,https://www.youtube.com/watch?v=O_0dDGqqD8Y,22,1478690762.0,leopold_s
"Ansteckungen im Weißen Haus, turbulente US-Wahl, irritierender Gesundheitszustand: Ein Patient als Präsident",,5,https://www.rnd.de/politik/der-us-prasident-als-patient-ansteckungen-im-weissen-haus-turbulente-us-wahl-irritierender-gesundheitszustand-M7UEKP2OXZC5VI4XL33VNYZJSY.html,6,1601860672.0,GirasoleDE
"Ein interessanter Kommentar zur US-Wahl: ""In diese Lücke, die diese eklatante Missachtung der Intelligenz der Wähler reißt, sollten die Medien springen und bessere Inhalte anbieten – was allerdings nicht passiert. Die Medien scheinen vielmehr ebenfalls der Meinung zu sein, dass wir bescheuert sind.""",,47,http://www.zeit.de/politik/ausland/2016-11/medien-us-wahl-kandidaten-pressefreiheit/komplettansicht,16,1478543534.0,WhoKnowsBruh
"""Wir werden Joe Biden beim Wort nehmen"" (Gastbeitrag von Olaf Scholz zur US-Wahl)",,1,https://www.spiegel.de/politik/deutschland/olaf-scholz-zur-us-wahl-ich-bin-erleichtert-a-aa3d9279-1e12-43dc-ada5-3fbba1db54a8,5,1604944350.0,GirasoleDE
